﻿<?xml version="1.0" encoding="utf-8" ?>
<Books>
  <book id="bk101">
    <author>Gambardella, Matthew</author>
    <title>XML Developer's Guide</title>
    <genre>Computer</genre>
    <price>$44.95</price>
    <publish_date>20001001</publish_date>
    <description>An indepth look at creating applications with XML.</description>
  </book>
  <book id="bk102">
    <author>Ralls, Kim</author>
    <title>Midnight Rain</title>
    <genre>Fantasy</genre>
    <price>5.95</price>
    <publish_date>20001216</publish_date>
    <description>A former architect battles corporate zombies, an evil sorceress, and her own childhood to become queen of the world.</description>
  </book>
  <book id="bk104">
    <author>Corets, Eva</author>
    <title>Oberon's Legacy</title>
    <genre>Fantasy</genre>
    <price>5.95</price>
    <publish_date>20010310</publish_date>
    <description>In postapocalypse England, the mysterious agent known only as Oberon helps to create a new life for the inhabitants of London. Sequel to Maeve Ascendant.</description>
  </book>
  <book id="bk106">
    <author>Randall, Cynthia</author>
    <title>Lover Birds</title>
    <genre>Romance</genre>
    <price>4.95</price>
    <publish_date>20000902</publish_date>
    <description>When Carla meets Paul at an ornithology conference, tempers fly as feathers get ruffled.</description>
  </book>
  <book id="bk107">
    <author>Thurman, Paula</author>
    <title>Splish Splash</title>
    <genre>Romance</genre>
    <price>4.95</price>
    <publish_date>20001102</publish_date>
    <description>A deep sea diver finds true love twenty thousand leagues beneath the sea.</description>
  </book>
  <book id="bk109">
    <author>Kress, Peter</author>
    <title>Paradox Lost</title>
    <genre>Science Fiction</genre>
    <price>6.95</price>
    <publish_date>20001102</publish_date>
    <description>After an inadvertant trip through a Heisenberg Uncertainty Device, James Salway discovers the problems of being quantum.</description>
  </book>
  <book id="bk110">
    <author>O'Brien, Tim</author>
    <title>Microsoft .NET: The Programming Bible</title>
    <genre>Computer</genre>
    <price>36.95</price>
    <publish_date>20001209</publish_date>
    <description>Microsoft's .NET initiative is explored in detail in this deep programmer's reference.</description>
  </book>
  <book id="nopreview">
    <author>Corets, Eva</author>
    <title>The Sundered Grail</title>
    <genre>Fantasy</genre>
    <price>5.95</price>
    <publish_date>20010910</publish_date>
    <description>The two daughters of Maeve, halfsisters, battle one another for control of England. Sequel to Oberon's Legacy.</description>
  </book>
  <book id="bk112">
    <author>Galos, Mike</author>
    <title>Visual Studio 7: A Comprehensive Guide</title>
    <genre>Computer</genre>
    <price>49.95</price>
    <publish_date>20010416</publish_date>
    <description>Microsoft Visual Studio 7 is explored in depth, looking at how Visual Basic, Visual C++, C#, and ASP+ are integrated into a comprehensive development environment.</description>
  </book>

</Books>
